,Country/Region,Date,Province/State,Confirmed,Deaths,Recovered,GDP,Unemployment,CPI
0,Afghanistan,2021-01-01,0,52513.0,2201.0,41727.0,14266499429.8746,11.934,
1,Afghanistan,2022-01-01,0,158107.0,7356.0,0.0,14502158192.0904,14.1,
2,Albania,2021-01-01,0,58316.0,1181.0,33634.0,17930565118.8176,12.473,123.448662047404
3,Albania,2022-01-01,0,210224.0,3217.0,0.0,18916378860.5488,11.588,131.750834819418
4,Algeria,2021-01-01,0,99897.0,2762.0,67395.0,186265418570.697,13.607,166.218894516626
5,Algeria,2022-01-01,0,218818.0,6284.0,0.0,225560256621.757,12.437,181.619931977783
6,Andorra,2021-01-01,0,8117.0,84.0,7463.0,3324683011.5903,12.437,181.619931977783
7,Andorra,2022-01-01,0,23740.0,140.0,0.0,3380602042.84283,12.437,181.619931977783
8,Angola,2021-01-01,0,17568.0,405.0,11146.0,66505129987.7235,15.799,583.675779438661
9,Angola,2022-01-01,0,82398.0,1772.0,0.0,104399746853.401,14.693,708.32143556848
10,Antigua and Barbuda,2021-01-01,0,159.0,5.0,148.0,1601366666.66667,14.693,118.555594720979
11,Antigua and Barbuda,2022-01-01,0,4283.0,119.0,0.0,1867733333.33333,14.693,127.484109443389
12,Argentina,2021-01-01,0,1629594.0,43319.0,1426676.0,487902572164.348,8.736,127.484109443389
13,Argentina,2022-01-01,0,5674428.0,117181.0,0.0,631133384439.944,6.805,127.484109443389
14,Armenia,2021-01-01,0,159738.0,2828.0,143355.0,13878908628.9378,10.012,140.134410734876
15,Armenia,2022-01-01,0,344980.0,7975.0,0.0,19513474648.2429,8.608,152.243300572606
16,Australia,2021-01-01,Australian Capital TerritoryNew South WalesNorthern TerritoryQueenslandSouth AustraliaTasmaniaVictoriaWestern Australia,28460.0,909.0,22573.0,1559033756285.13,5.116,124.271592091571
17,Australia,2022-01-01,Australian Capital TerritoryNew South WalesNorthern TerritoryQueenslandSouth AustraliaTasmaniaVictoriaWestern Australia,462955.0,2257.0,0.0,1692956646855.7,3.701,132.466181061394
18,Austria,2021-01-01,0,358774.0,7564.0,334901.0,479295362747.047,6.459,123.00084356117
19,Austria,2022-01-01,0,1274628.0,16845.0,0.0,470941926750.741,4.992,133.513565675464
20,Azerbaijan,2021-01-01,0,219041.0,2670.0,188280.0,54825411764.7059,6.04,171.943182758333
21,Azerbaijan,2022-01-01,0,617311.0,8365.0,0.0,78807470588.2353,5.65,195.761197791667
22,Bahrain,2021-01-01,0,92913.0,352.0,90369.0,39288670212.766,1.551,115.315875502436
23,Bahrain,2022-01-01,0,282677.0,1394.0,0.0,44383297872.3404,1.326,119.496930529675
24,Bangladesh,2021-01-01,0,514500.0,7576.0,458656.0,416271647002.435,5.815,200.437039174984
25,Bangladesh,2022-01-01,0,1585909.0,28076.0,0.0,460131688909.301,5.247,215.864586624407
26,Barbados,2021-01-01,0,395.0,7.0,319.0,4945276000.0,9.417,215.864586624407
27,Barbados,2022-01-01,0,28810.0,262.0,0.0,5840673700.0,8.493,155.64882826163
28,Belarus,2021-01-01,0,196223.0,1433.0,178102.0,69673747131.87,3.9,587.301149813956
29,Belarus,2022-01-01,0,700421.0,5594.0,0.0,73775179924.603,3.574,676.627747581603
30,Belgium,2021-01-01,0,648289.0,19581.0,0.0,600904461226.347,6.264,120.856958300438
31,Belgium,2022-01-01,0,2105343.0,28331.0,0.0,583613982019.263,5.558,132.456219048303
32,Belize,2021-01-01,0,10776.0,248.0,9795.0,2424575179.3783,10.157,109.728123082433
33,Belize,2022-01-01,0,32840.0,602.0,0.0,2830507575.6841,8.724,116.61564017262
34,Benin,2021-01-01,0,3251.0,44.0,3061.0,17687623530.3355,1.694,116.04419147224
35,Benin,2022-01-01,0,24935.0,161.0,0.0,17425418044.2906,1.473,117.611691618775
36,Bhutan,2021-01-01,0,689.0,0.0,449.0,2768802803.18141,4.804,192.704073301911
37,Bhutan,2022-01-01,0,2660.0,3.0,0.0,2898227713.22315,5.947,203.570977260005
38,Bolivia,2021-01-01,0,160985.0,9175.0,132510.0,40406111693.1983,5.089,150.816761737338
39,Bolivia,2022-01-01,0,599753.0,19680.0,0.0,44008282879.8842,3.552,153.450518176398
40,Bosnia and Herzegovina,2021-01-01,0,112143.0,4086.0,77682.0,23672712242.2149,14.897,153.450518176398
41,Bosnia and Herzegovina,2022-01-01,0,291313.0,13442.0,0.0,24534663636.1778,12.657,153.450518176398
42,Botswana,2021-01-01,0,14805.0,42.0,12136.0,18750946600.1423,23.106,163.633196988276
43,Botswana,2022-01-01,0,219509.0,2444.0,0.0,20321958850.0363,23.615,182.721938000665
44,Brazil,2021-01-01,0,7703971.0,195541.0,6855372.0,1670647399034.67,13.159,187.117425058296
45,Brazil,2022-01-01,0,22295621.0,619367.0,0.0,1951923942083.32,9.231,204.482120615775
46,Bulgaria,2021-01-01,0,202540.0,7604.0,120343.0,84041493015.6618,5.267,120.168304321485
47,Bulgaria,2022-01-01,0,748184.0,30983.0,0.0,90346169914.9349,4.268,138.584408106261
48,Burkina Faso,2021-01-01,0,6828.0,85.0,5152.0,19643166853.6641,5.11,114.434519867232
49,Burkina Faso,2022-01-01,0,17632.0,318.0,0.0,18820219331.2261,5.348,130.787482169834
50,Burundi,2021-01-01,0,822.0,2.0,687.0,2775798697.46022,1.11,211.871226580912
51,Burundi,2022-01-01,0,27366.0,38.0,0.0,3338722827.65691,0.919,251.704878819603
52,Cabo Verde,2021-01-01,0,11872.0,113.0,11569.0,2051842609.64558,13.906,113.241195084123
53,Cabo Verde,2022-01-01,0,42463.0,352.0,0.0,2303738020.15148,12.272,122.222274152969
54,Cambodia,2021-01-01,0,379.0,0.0,362.0,26961061151.7337,0.396,137.850836238126
55,Cambodia,2022-01-01,0,120507.0,3012.0,0.0,29504829319.3169,0.247,145.217175025789
56,Cameroon,2021-01-01,0,26848.0,448.0,24892.0,44993521774.066,3.951,124.302010149149
57,Cameroon,2022-01-01,0,109367.0,1851.0,0.0,43644068310.851,3.687,132.067998413642
58,Canada,2021-01-01,AlbertaBritish ColumbiaDiamond PrincessGrand PrincessManitobaNew BrunswickNewfoundland and LabradorNorthwest TerritoriesNova ScotiaNunavutOntarioPrince Edward IslandQuebecRepatriated TravellersSaskatchewanYukon,596582.0,15819.0,494437.0,2007472181464.15,7.527,121.587006296508
59,Canada,2022-01-01,AlbertaBritish ColumbiaDiamond PrincessGrand PrincessManitobaNew BrunswickNewfoundland and LabradorNorthwest TerritoriesNova ScotiaNunavutOntarioPrince Edward IslandQuebecRepatriated TravellersSaskatchewanYukon,2256747.0,30340.0,0.0,2161483369422.01,5.28,129.858328563251
60,Central African Republic,2021-01-01,0,4963.0,63.0,1924.0,2516498412.46384,6.676,160.95649049113
61,Central African Republic,2022-01-01,0,12163.0,101.0,0.0,2382618615.01694,6.337,169.942960718886
62,Chad,2021-01-01,0,2141.0,104.0,1704.0,11779981332.16,1.511,122.00219164626
63,Chad,2022-01-01,0,6183.0,184.0,0.0,12396807590.173,1.104,129.063711291026
64,Chile,2021-01-01,0,612564.0,16660.0,579203.0,315515014838.539,9.325,142.081272844549
65,Chile,2022-01-01,0,1808398.0,39140.0,0.0,302116539409.03,8.299,158.625026875941
66,China,2021-01-01,AnhuiBeijingChongqingFujianGansuGuangdongGuangxiGuizhouHainanHebeiHeilongjiangHenanHong KongHubeiHunanInner MongoliaJiangsuJiangxiJilinLiaoningMacauNingxiaQinghaiShaanxiShandongShanghaiShanxiSichuanTianjinTibetUnknownXinjiangYunnanZhejiang,102649.0,4884.0,90031.0,17820459508852.2,4.55,129.366216637457
67,China,2022-01-01,AnhuiBeijingChongqingFujianGansuGuangdongGuangxiGuizhouHainanHebeiHeilongjiangHenanHong KongHubeiHunanInner MongoliaJiangsuJiangxiJilinLiaoningMacauNingxiaQinghaiShaanxiShandongShanghaiShanxiSichuanTianjinTibetUnknownXinjiangYunnanZhejiang,128132.0,5103.0,0.0,17881783387000.9,4.98,131.919356668535
68,Colombia,2021-01-01,0,1654880.0,43495.0,1520548.0,318524633225.395,13.898,149.559763199866
69,Colombia,2022-01-01,0,5169855.0,129986.0,0.0,345329875078.512,10.547,164.780806314133
70,Comoros,2021-01-01,0,823.0,10.0,705.0,1296089479.91978,5.857,164.780806314133
71,Comoros,2022-01-01,0,6688.0,157.0,0.0,1242519407.77603,5.854,164.780806314133
72,Costa Rica,2021-01-01,0,169321.0,2185.0,131923.0,64960725734.1965,15.139,132.020379357515
73,Costa Rica,2022-01-01,0,570556.0,7353.0,0.0,69243626028.5936,11.325,142.944768574546
74,Cote d'Ivoire,2021-01-01,0,22563.0,138.0,21981.0,72794636653.7793,2.59,118.991105987766
75,Cote d'Ivoire,2022-01-01,0,71815.0,718.0,0.0,70173140101.4315,2.434,125.269275743533
76,Croatia,2021-01-01,0,212007.0,3961.0,199820.0,69602166351.4771,7.608,112.795275590551
77,Croatia,2022-01-01,0,720538.0,12571.0,0.0,71997070660.4835,6.96,124.955261274159
78,Cuba,2021-01-01,0,12056.0,146.0,10345.0,71997070660.4835,1.373,124.955261274159
79,Cuba,2022-01-01,0,966473.0,8323.0,0.0,71997070660.4835,1.254,124.955261274159
80,Cyprus,2021-01-01,0,23108.0,126.0,2057.0,29482912835.3642,7.513,104.348039621067
81,Cyprus,2022-01-01,0,169159.0,638.0,0.0,29250532020.0746,6.807,113.108561527348
82,Czechia,2021-01-01,0,732022.0,11711.0,600073.0,281791218507.1,2.803,124.771546317864
83,Czechia,2022-01-01,0,2480736.0,36182.0,0.0,290565654835.809,2.224,143.612255868124
84,Denmark,2021-01-01,Faroe IslandsGreenland,166567.0,1322.0,131390.0,405687998852.691,5.043,112.864922774752
85,Denmark,2022-01-01,Faroe IslandsGreenland,831974.0,3287.0,0.0,400167196948.707,4.434,121.55164717436
86,Djibouti,2021-01-01,0,5840.0,61.0,5735.0,3385825228.86997,27.548,123.834800404194
87,Djibouti,2022-01-01,0,13668.0,189.0,0.0,3674298479.07676,26.367,130.249205896313
88,Dominica,2021-01-01,0,88.0,0.0,83.0,555266666.666667,26.367,106.218256661718
89,Dominica,2022-01-01,0,6862.0,47.0,0.0,607159259.259259,26.367,114.482690539567
90,Dominican Republic,2021-01-01,0,172218.0,2416.0,131543.0,94243425938.3647,7.702,148.476613026712
91,Dominican Republic,2022-01-01,0,419927.0,4247.0,0.0,113537368176.13,5.504,161.559024136759
92,Ecuador,2021-01-01,0,213378.0,14051.0,184507.0,107435101000.0,4.552,123.886850743311
93,Ecuador,2022-01-01,0,551620.0,33682.0,0.0,116586079000.0,3.761,128.180979253477
94,El Salvador,2021-01-01,0,46515.0,1327.0,45960.0,29043140000.0,4.327,114.656913864201
95,El Salvador,2022-01-01,0,121945.0,3824.0,0.0,31988920000.0,2.999,122.910624989713
96,Equatorial Guinea,2021-01-01,0,5277.0,86.0,5136.0,12215878032.7166,9.194,130.14745508982
97,Equatorial Guinea,2022-01-01,0,13710.0,175.0,0.0,13486788878.9757,8.746,136.377245508982
98,Eritrea,2021-01-01,0,1320.0,3.0,643.0,13486788878.9757,6.341,136.377245508982
99,Eritrea,2022-01-01,0,8026.0,76.0,0.0,13486788878.9757,5.941,136.377245508982
100,Estonia,2021-01-01,0,28406.0,234.0,19027.0,36864792511.6351,6.178,127.257572871023
101,Estonia,2022-01-01,0,242123.0,1938.0,0.0,37921480881.5429,5.571,151.94333206325
102,Eswatini,2021-01-01,0,9482.0,216.0,7073.0,4850842540.99267,35.707,151.94333206325
103,Eswatini,2022-01-01,0,66241.0,1308.0,0.0,4790922788.70864,37.852,151.94333206325
104,Ethiopia,2021-01-01,0,124652.0,1937.0,112251.0,111261882958.426,3.935,492.356913864236
105,Ethiopia,2022-01-01,0,424340.0,6947.0,0.0,126772703047.701,3.493,659.216079717136
106,Fiji,2021-01-01,0,49.0,2.0,44.0,4305031649.74189,4.678,129.064651874522
107,Fiji,2022-01-01,0,54147.0,700.0,0.0,4979979531.2725,4.481,134.898622800306
108,Finland,2021-01-01,0,36676.0,598.0,29000.0,296470417085.267,7.606,115.130462665656
109,Finland,2022-01-01,0,277700.0,1728.0,0.0,281887430795.721,6.719,123.331790076698
110,France,2021-01-01,French GuianaFrench PolynesiaGuadeloupeMartiniqueMayotteNew CaledoniaReunionSaint BarthelemySaint Pierre and MiquelonSt MartinWallis and Futuna,2697018.0,64891.0,200822.0,2959355819170.5,7.874,112.388921149413
111,France,2022-01-01,French GuianaFrench PolynesiaGuadeloupeMartiniqueMayotteNew CaledoniaReunionSaint BarthelemySaint Pierre and MiquelonSt MartinWallis and Futuna,10296909.0,124839.0,0.0,2779092236505.85,7.308,118.258283622798
112,Gabon,2021-01-01,0,9571.0,64.0,9388.0,20217946921.2065,21.233,125.637671569116
113,Gabon,2022-01-01,0,41798.0,288.0,0.0,21071739227.9422,20.501,130.953713012953
114,Georgia,2021-01-01,0,228410.0,2528.0,214992.0,18853115588.8106,11.794,154.011208333333
115,Georgia,2022-01-01,0,936844.0,13850.0,0.0,24984568959.605,11.657,172.335716666667
116,Germany,2021-01-01,0,1719737.0,33071.0,1388744.0,4278503934689.85,3.638,116.484275880086
117,Germany,2022-01-01,0,7109182.0,111602.0,0.0,4082469490797.68,3.135,124.489744387368
118,Ghana,2021-01-01,0,54930.0,335.0,53758.0,79524421861.2743,3.338,336.492909542398
119,Ghana,2022-01-01,0,143997.0,1298.0,0.0,74263364041.8742,3.084,441.666780384402
120,Greece,2021-01-01,0,139447.0,4881.0,93764.0,214667807441.202,14.657,101.909213734394
121,Greece,2022-01-01,0,1240862.0,20849.0,0.0,217581324512.059,12.426,111.738622172264
122,Grenada,2021-01-01,0,127.0,0.0,107.0,1122800000.0,12.426,108.57648052784
123,Grenada,2022-01-01,0,6299.0,200.0,0.0,1224577777.77778,12.426,111.378339233988
124,Guatemala,2021-01-01,0,138236.0,4820.0,126606.0,86053083476.0294,2.174,153.80123012521
125,Guatemala,2022-01-01,0,628589.0,16108.0,0.0,95003330315.8754,3.051,164.390642043944
126,Guinea,2021-01-01,0,13738.0,81.0,13153.0,16091817842.1318,5.767,327.371054687123
127,Guinea,2022-01-01,0,32448.0,391.0,0.0,20999229260.4995,5.328,361.722233672476
128,Guinea-Bissau,2021-01-01,0,2452.0,45.0,2397.0,1724555634.36594,3.628,116.559575493745
129,Guinea-Bissau,2022-01-01,0,6484.0,149.0,0.0,1714166526.44573,3.204,127.508994091945
130,Guyana,2021-01-01,0,6348.0,164.0,5868.0,8041362110.31175,14.927,123.251485665774
131,Guyana,2022-01-01,0,39779.0,1054.0,0.0,14718388489.2086,12.423,130.788382420166
132,Haiti,2021-01-01,0,10015.0,236.0,8624.0,20877414952.6375,15.253,305.355546890834
133,Haiti,2022-01-01,0,26213.0,773.0,0.0,20253551920.5516,14.719,409.127368142819
134,Honduras,2021-01-01,0,122974.0,3160.0,56936.0,28144331506.6149,7.94,162.529327177779
135,Honduras,2022-01-01,0,379402.0,10433.0,0.0,31426041806.7985,7.037,177.302656474684
136,Hungary,2021-01-01,0,325278.0,9667.0,157063.0,182109999477.691,4.045,132.112676056338
137,Hungary,2022-01-01,0,1256415.0,39186.0,0.0,177006128624.627,3.609,151.411885949845
138,Iceland,2021-01-01,0,5754.0,29.0,5578.0,25797870984.2963,6.029,138.573742998267
139,Iceland,2022-01-01,0,27059.0,37.0,0.0,28701830401.6837,3.789,150.087495958498
140,India,2021-01-01,0,10305788.0,149218.0,9929568.0,3167270623260.52,6.38,192.378724699015
141,India,2022-01-01,0,34889132.0,481770.0,0.0,3353470496885.95,4.822,205.266241146235
142,Indonesia,2021-01-01,0,751270.0,22329.0,617936.0,1186509691086.73,3.827,156.484590188327
143,Indonesia,2022-01-01,0,4262994.0,144096.0,0.0,1319076267310.16,3.462,163.071752418121
144,Iraq,2021-01-01,0,596193.0,12824.0,539817.0,209691945713.103,16.173,127.574201605207
145,Iraq,2022-01-01,0,2093891.0,24163.0,0.0,286640340965.517,15.588,133.946234405587
146,Ireland,2021-01-01,0,93532.0,2248.0,23364.0,513391778882.86,6.194,108.7002317253
147,Ireland,2022-01-01,0,811840.0,5912.0,0.0,533140011838.276,4.479,117.210870023173
148,Israel,2021-01-01,0,428510.0,3356.0,379910.0,488526545878.891,4.812,109.144430728326
149,Israel,2022-01-01,0,1390053.0,8244.0,0.0,525002447652.773,3.695,113.939796790428
150,Italy,2021-01-01,0,2129376.0,74621.0,1479988.0,2154875493744.93,9.497,112.541250526224
151,Italy,2022-01-01,0,6266939.0,137513.0,0.0,2066972096553.7,8.069,121.771084752039
152,Jamaica,2021-01-01,0,12915.0,303.0,10532.0,14657586159.4316,5.188,181.00906404486
153,Jamaica,2022-01-01,0,94649.0,2476.0,0.0,17097760686.7775,4.083,199.742721733243
154,Japan,2021-01-01,0,239005.0,3541.0,193558.0,5034620784584.98,2.828,105.211812269292
155,Japan,2022-01-01,0,1733835.0,18392.0,0.0,4256410760723.75,2.6,107.839690631042
156,Jordan,2021-01-01,0,295765.0,3851.0,271834.0,46296100140.8451,19.837,127.719016475095
157,Jordan,2022-01-01,0,1064277.0,12684.0,0.0,48653381830.9859,18.2,133.120452526249
158,Kazakhstan,2021-01-01,0,202060.0,2749.0,176774.0,197112255360.612,5.556,218.265731563044
159,Kazakhstan,2022-01-01,0,1072999.0,18211.0,0.0,225496328925.494,4.86,251.066409830229
160,Kenya,2021-01-01,0,96614.0,1681.0,78802.0,109703658904.994,5.693,212.472085832078
161,Kenya,2022-01-01,0,297155.0,5381.0,0.0,113419826113.903,5.805,228.747155845931
162,Kiribati,2021-01-01,0,0.0,0.0,0.0,289207526.306617,5.805,105.218806716601
163,Kiribati,2022-01-01,0,2.0,0.0,0.0,270520731.599041,5.805,105.218806716601
164,Kosovo,2021-01-01,0,51502.0,1336.0,41854.0,9413403724.01899,5.805,122.267091891806
165,Kosovo,2022-01-01,0,161531.0,2991.0,0.0,9354903061.8898,5.805,136.426245250384
166,Kuwait,2021-01-01,0,150869.0,936.0,146777.0,141777271268.694,2.997,133.68779685455
167,Kuwait,2022-01-01,0,417723.0,2468.0,0.0,182809482400.924,2.124,139.009439631897
168,Latvia,2021-01-01,0,41615.0,644.0,29018.0,39443126174.4335,7.513,120.949398596532
169,Latvia,2022-01-01,0,276841.0,4577.0,0.0,40422521943.4418,6.815,141.886081804437
170,Lebanon,2021-01-01,0,183888.0,1479.0,127959.0,23131941556.7843,12.621,612.355015021184
171,Lebanon,2022-01-01,0,731288.0,9136.0,0.0,20992421948.8081,11.599,1660.74042721277
172,Lesotho,2021-01-01,0,3206.0,51.0,1496.0,2406780518.52811,18.129,173.512105268925
173,Lesotho,2022-01-01,0,29652.0,671.0,0.0,2289355249.40148,16.668,187.864686358543
174,Liberia,2021-01-01,0,1800.0,83.0,1406.0,3513049520.0,3.792,187.864686358543
175,Liberia,2022-01-01,0,6278.0,287.0,0.0,4001047000.0,2.99,187.864686358543
176,Libya,2021-01-01,0,100744.0,1487.0,73252.0,47786789103.8172,19.595,260.082820215574
177,Libya,2022-01-01,0,388734.0,5710.0,0.0,55938727098.0174,19.319,271.813339537122
178,Liechtenstein,2021-01-01,0,2245.0,44.0,1810.0,7710380085.92257,19.319,271.813339537122
179,Liechtenstein,2022-01-01,0,6167.0,69.0,0.0,7364654515.13984,19.319,271.813339537122
180,Lithuania,2021-01-01,0,147862.0,1841.0,98149.0,66798933785.7702,7.112,125.413564341792
181,Lithuania,2022-01-01,0,526628.0,7412.0,0.0,71013953448.2085,5.956,150.12636507601
182,Luxembourg,2021-01-01,0,46415.0,495.0,40978.0,85584105993.8746,5.247,118.963508963509
183,Luxembourg,2022-01-01,0,103766.0,915.0,0.0,81641807865.7591,4.585,126.501046501047
184,Madagascar,2021-01-01,0,17714.0,261.0,17228.0,14554754116.5427,3.415,203.221994008737
185,Madagascar,2022-01-01,0,50279.0,1027.0,0.0,15302510500.0528,3.186,219.806108379759
186,Malawi,2021-01-01,0,6684.0,191.0,5708.0,12580922008.2096,5.585,496.827527221711
187,Malawi,2022-01-01,0,75828.0,2368.0,0.0,13129458325.7379,5.051,600.932616885901
188,Malaysia,2021-01-01,0,115078.0,474.0,91170.0,373832428055.449,4.64,123.05449091818
189,Malaysia,2022-01-01,0,2761472.0,31513.0,0.0,407027451714.616,3.93,127.212131311448
190,Maldives,2021-01-01,0,13804.0,48.0,13150.0,5254366312.27648,5.021,135.424149976868
191,Maldives,2022-01-01,0,95891.0,262.0,0.0,6170638746.31376,4.424,138.58378956189
192,Mali,2021-01-01,0,7203.0,271.0,4694.0,19309463508.0377,2.29,113.489249057224
193,Mali,2022-01-01,0,21378.0,668.0,0.0,18780322203.7584,3.09,124.408590014187
194,Malta,2021-01-01,0,12909.0,219.0,11178.0,18123718946.6006,3.403,115.887166319179
195,Malta,2022-01-01,0,53503.0,477.0,0.0,18357069272.7682,2.929,123.018580023951
196,Marshall Islands,2021-01-01,0,4.0,0.0,4.0,257784881.591797,2.929,123.018580023951
197,Marshall Islands,2022-01-01,0,4.0,0.0,0.0,258774475.097656,2.929,123.018580023951
198,Mauritania,2021-01-01,0,14581.0,349.0,11652.0,9222536364.01272,11.068,143.168520868821
199,Mauritania,2022-01-01,0,41867.0,870.0,0.0,9744039514.55646,10.602,156.80570371963
200,Mauritius,2021-01-01,0,527.0,10.0,496.0,11484348766.0434,7.719,138.635551188743
201,Mauritius,2022-01-01,0,68552.0,786.0,0.0,12927979286.0453,6.322,153.571800582242
202,Mexico,2021-01-01,0,1437185.0,126507.0,1083768.0,1313069763986.6,4.019,154.676672089174
203,Mexico,2022-01-01,0,3988916.0,299525.0,0.0,1463323889036.56,3.256,166.890369321443
204,Moldova,2021-01-01,0,145258.0,3004.0,131701.0,13691869264.0794,0.794,181.261454671574
205,Moldova,2022-01-01,0,376434.0,10284.0,0.0,14510490660.2516,0.909,233.351098473523
206,Monaco,2021-01-01,0,885.0,3.0,718.0,8626081320.50612,0.909,233.351098473523
207,Monaco,2022-01-01,0,4985.0,39.0,0.0,8784002931.68665,0.909,233.351098473523
208,Mongolia,2021-01-01,0,1220.0,1.0,855.0,15286441737.6686,7.747,218.130243126627
209,Mongolia,2022-01-01,0,693119.0,1986.0,0.0,17146471713.748,6.211,251.172516573854
210,Montenegro,2021-01-01,0,48589.0,684.0,38780.0,5861427505.12493,16.543,119.249434576437
211,Montenegro,2022-01-01,0,171873.0,2414.0,0.0,6229801580.79157,15.288,134.799922927867
212,Morocco,2021-01-01,0,440970.0,7425.0,409638.0,141817797083.468,10.539,113.419774613788
213,Morocco,2022-01-01,0,965420.0,14851.0,0.0,130912558829.84,9.53,120.970176677427
214,Mozambique,2021-01-01,0,18794.0,167.0,16680.0,16168055475.085,3.984,200.799346249151
215,Mozambique,2022-01-01,0,191722.0,2012.0,0.0,18406835494.9468,3.621,221.440317880633
216,Namibia,2021-01-01,0,24545.0,208.0,20727.0,12402486183.6396,20.877,167.298294033139
217,Namibia,2022-01-01,0,148839.0,3645.0,0.0,12567271004.6761,19.748,177.472173637599
218,Nauru,2021-01-01,0,0.0,0.0,0.0,175390280.69162,19.748,177.472173637599
219,Nauru,2022-01-01,0,0.0,0.0,0.0,153824609.470517,19.748,177.472173637599
220,Nepal,2021-01-01,0,261019.0,1864.0,253107.0,36924841394.2605,12.315,206.492683278536
221,Nepal,2022-01-01,0,828773.0,11594.0,0.0,41182939600.67,10.922,222.291008492302
222,Netherlands,2021-01-01,"ArubaBonaire, Sint Eustatius and SabaCuracaoSint Maarten",825217.0,11624.0,9651.0,1029678338329.44,4.21,120.523715504927
223,Netherlands,2022-01-01,"ArubaBonaire, Sint Eustatius and SabaCuracaoSint Maarten",3217646.0,21419.0,0.0,1009398719033.08,3.524,132.577542831667
224,New Zealand,2021-01-01,Cook IslandsNiue,2162.0,26.0,2082.0,253644079784.977,3.776,120.779210747308
225,New Zealand,2022-01-01,Cook IslandsNiue,14257.0,48.0,0.0,246733522841.353,3.297,129.441767205658
226,Nicaragua,2021-01-01,0,4829.0,165.0,4225.0,14144067555.6566,6.064,177.047156631849
227,Nicaragua,2022-01-01,0,13563.0,217.0,0.0,15649934214.9276,4.978,195.57943398714
228,Niger,2021-01-01,0,3403.0,106.0,1828.0,14915002436.069,0.819,116.809397403471
229,Niger,2022-01-01,0,7438.0,276.0,0.0,15433852712.2963,0.552,121.746017087804
230,Nigeria,2021-01-01,0,88587.0,1294.0,74373.0,440838992188.478,5.393,354.296242254442
231,Nigeria,2022-01-01,0,242877.0,3033.0,0.0,472624596925.938,3.827,421.071120344953
232,North Macedonia,2021-01-01,0,83743.0,2510.0,61943.0,14000283827.0154,15.801,118.464166666667
233,North Macedonia,2022-01-01,0,225484.0,7969.0,0.0,13711469681.1535,14.477,135.291666666667
234,Norway,2021-01-01,0,49803.0,436.0,17998.0,503367986030.268,4.369,126.06098995566
235,Norway,2022-01-01,0,396415.0,1305.0,0.0,593726965415.619,3.233,133.327300696769
236,Oman,2021-01-01,0,128867.0,1499.0,121890.0,88191977373.212,1.9,115.379503467114
237,Oman,2022-01-01,0,305489.0,4116.0,0.0,114667360208.062,1.514,118.271078246879
238,Pakistan,2021-01-01,0,484362.0,10258.0,438974.0,348516647445.148,6.338,219.078900139702
239,Pakistan,2022-01-01,0,1296527.0,28941.0,0.0,374787958882.308,5.548,262.618333965596
240,Palau,2021-01-01,0,0.0,0.0,0.0,229858184.814453,5.548,124.584804918221
241,Palau,2022-01-01,0,12.0,0.0,0.0,242333709.716797,5.548,139.974347062763
242,Panama,2021-01-01,0,249733.0,4064.0,197928.0,67406738100.0,10.453,122.136031309897
243,Panama,2022-01-01,0,497808.0,7430.0,0.0,76522511780.6222,8.202,125.628695902787
244,Papua New Guinea,2021-01-01,0,780.0,9.0,661.0,26113333240.2333,2.906,170.839243117812
245,Papua New Guinea,2022-01-01,0,36158.0,590.0,0.0,31603619036.6338,2.689,179.813837244105
246,Paraguay,2021-01-01,0,108349.0,2262.0,81977.0,39950899938.7482,7.311,153.370941306755
247,Paraguay,2022-01-01,0,466101.0,16624.0,0.0,41952910858.0846,6.755,168.348482834994
248,Peru,2021-01-01,0,1015137.0,93231.0,951318.0,226354278280.885,5.097,138.576404455789
249,Peru,2022-01-01,0,2301177.0,202741.0,0.0,246488757636.211,3.85,150.124955005568
250,Philippines,2021-01-01,0,475820.0,9248.0,439895.0,394087359848.11,3.398,137.936373936063
251,Philippines,2022-01-01,0,2847486.0,51545.0,0.0,404353369604.631,2.598,145.965868357034
252,Poland,2021-01-01,0,1305774.0,28956.0,1046281.0,681346077608.607,3.363,123.925480416606
253,Poland,2022-01-01,0,4120248.0,97559.0,0.0,689763329458.441,2.886,141.807246589409
254,Portugal,2021-01-01,0,420629.0,6972.0,338668.0,255534839405.899,6.577,112.010549789253
255,Portugal,2022-01-01,0,1412936.0,18976.0,0.0,255196659934.378,6.011,120.783990313085
256,Qatar,2021-01-01,0,144042.0,245.0,141556.0,179732009560.44,0.14,115.041180060887
257,Qatar,2022-01-01,0,251361.0,618.0,0.0,235770403734.9,0.13,120.787803986413
258,Romania,2021-01-01,0,636201.0,15841.0,566365.0,285810244501.933,5.59,133.455469478653
259,Romania,2022-01-01,0,1810342.0,58779.0,0.0,298891515898.026,5.614,151.866303747835
260,Rwanda,2021-01-01,0,8460.0,94.0,6598.0,11069280277.007,15.793,165.297890975286
261,Rwanda,2022-01-01,0,112654.0,1351.0,0.0,13316160803.5187,15.085,194.537781306206
262,Samoa,2021-01-01,0,2.0,0.0,2.0,843923638.733018,10.368,119.336646996638
263,Samoa,2022-01-01,0,3.0,0.0,0.0,832945205.637185,9.923,132.41818969607
264,San Marino,2021-01-01,0,2384.0,59.0,2042.0,1855382833.1165,9.923,132.41818969607
265,San Marino,2022-01-01,0,8202.0,100.0,0.0,1855382833.1165,9.923,132.41818969607
266,Sao Tome and Principe,2021-01-01,0,1022.0,17.0,973.0,524402450.755612,15.042,236.774773301467
267,Sao Tome and Principe,2022-01-01,0,3903.0,57.0,0.0,542686976.457587,14.115,279.407575020066
268,Saudi Arabia,2021-01-01,0,362878.0,6230.0,354081.0,874156000000.0,6.621,126.231136275934
269,Saudi Arabia,2022-01-01,0,557082.0,8878.0,0.0,1108571466666.67,5.589,129.354187644052
270,Senegal,2021-01-01,0,19364.0,410.0,17375.0,27520784129.7508,3.368,114.474038812672
271,Senegal,2022-01-01,0,75337.0,1890.0,0.0,27619479059.6131,2.968,125.574379147807
272,Serbia,2021-01-01,0,339997.0,3250.0,0.0,63101042897.707,10.061,152.241431604489
273,Serbia,2022-01-01,0,1300949.0,12739.0,0.0,63563410720.7093,8.684,170.482256596906
274,Seychelles,2021-01-01,0,267.0,0.0,214.0,1487173794.80528,8.684,170.482256596906
275,Seychelles,2022-01-01,0,24788.0,134.0,0.0,2057968519.83091,8.684,170.482256596906
276,Sierra Leone,2021-01-01,0,2635.0,76.0,1906.0,4249234704.01866,3.516,297.191234531916
277,Sierra Leone,2022-01-01,0,7114.0,123.0,0.0,4094563859.43556,3.194,378.051882667797
278,Singapore,2021-01-01,0,58629.0,29.0,58449.0,434111559282.849,4.64,116.829758470318
279,Singapore,2022-01-01,0,279861.0,829.0,0.0,498474540987.78,3.591,123.980978131334
280,Slovenia,2021-01-01,0,123950.0,2728.0,100868.0,61832201543.8285,4.747,113.117909327683
281,Slovenia,2022-01-01,0,465711.0,5597.0,0.0,60063475466.3446,4.013,123.110404802896
282,Solomon Islands,2021-01-01,0,17.0,0.0,5.0,1522794913.0914,0.866,136.847236823755
283,Solomon Islands,2022-01-01,0,24.0,0.0,0.0,1566360686.10632,1.579,144.398644275693
284,Somalia,2021-01-01,0,4714.0,130.0,3612.0,9838711529.45848,19.553,144.398644275693
285,Somalia,2022-01-01,0,23532.0,1333.0,0.0,10419541202.0391,19.128,144.398644275693
286,South Africa,2021-01-01,0,1073887.0,28887.0,887701.0,420117812466.041,28.77,171.60240433954
287,South Africa,2022-01-01,0,3468079.0,91198.0,0.0,405270850098.738,28.838,183.682744465621
288,South Sudan,2021-01-01,0,3558.0,63.0,3131.0,405270850098.738,13.868,22570.7110312611
289,South Sudan,2022-01-01,0,15242.0,135.0,0.0,405270850098.738,12.395,21061.3351456807
290,Spain,2021-01-01,0,1928265.0,50837.0,150376.0,1445651653604.63,14.781,114.024422110457
291,Spain,2022-01-01,0,6294745.0,89405.0,0.0,1417800466262.65,12.917,123.591728295232
292,Sri Lanka,2021-01-01,0,43856.0,208.0,36155.0,88609332762.4729,5.258,176.681451206782
293,Sri Lanka,2022-01-01,0,587596.0,14997.0,0.0,74144875098.0587,6.33,264.529415973267
294,Sudan,2021-01-01,0,25730.0,1468.0,13524.0,34229513774.9936,11.466,16245.8889681416
295,Sudan,2022-01-01,0,46518.0,3331.0,0.0,51666875363.0963,7.53,38796.5572974048
296,Suriname,2021-01-01,0,6277.0,123.0,5771.0,3081401725.88833,8.459,632.494660552573
297,Suriname,2022-01-01,0,52612.0,1190.0,0.0,3620987993.32637,8.232,964.212982746744
298,Sweden,2021-01-01,0,437379.0,8727.0,0.0,639714956069.468,8.722,113.461278849041
299,Sweden,2022-01-01,0,1314784.0,15310.0,0.0,590409594949.102,7.392,122.957183435409
300,Switzerland,2021-01-01,0,452296.0,7948.0,317600.0,813408787222.499,5.097,99.3992842451935
301,Switzerland,2022-01-01,0,1332615.0,12220.0,0.0,818426550206.45,4.3,102.21728177187
302,Tajikistan,2021-01-01,0,13665.0,90.0,12894.0,8937805347.13963,7.253,102.21728177187
303,Tajikistan,2022-01-01,0,17493.0,125.0,0.0,10713525200.3998,6.981,102.21728177187
304,Tanzania,2021-01-01,0,509.0,21.0,183.0,70655628147.8986,2.806,200.742671235263
305,Tanzania,2022-01-01,0,29306.0,737.0,0.0,75769974505.0106,2.609,209.475523539762
306,Thailand,2021-01-01,0,7163.0,63.0,4299.0,506256494297.34,1.215,113.689320040059
307,Thailand,2022-01-01,0,2226446.0,21708.0,0.0,495645210972.751,0.94,120.598688742159
308,Timor-Leste,2021-01-01,0,44.0,0.0,32.0,3621958000.0,2.344,120.598688742159
309,Timor-Leste,2022-01-01,0,19839.0,122.0,0.0,3204753000.0,1.537,120.598688742159
310,Togo,2021-01-01,0,3662.0,68.0,3443.0,8342243645.94438,2.285,120.045614301505
311,Togo,2022-01-01,0,30163.0,248.0,0.0,8169476148.95692,2.065,129.610336993973
312,Tonga,2021-01-01,0,0.0,0.0,0.0,469228219.665791,2.111,135.565368559565
313,Tonga,2022-01-01,0,1.0,0.0,0.0,500274898.085221,2.354,150.438740351379
314,Trinidad and Tobago,2021-01-01,0,7158.0,127.0,6671.0,24496505940.6673,4.446,146.995044259351
315,Trinidad and Tobago,2022-01-01,0,92201.0,2883.0,0.0,30053575132.142,4.383,155.562483405851
316,Tunisia,2021-01-01,0,140557.0,4730.0,105499.0,46812290143.344,16.505,173.439427529047
317,Tunisia,2022-01-01,0,727843.0,25576.0,0.0,44579761022.8993,15.301,187.846106359388
318,Tuvalu,2021-01-01,0,0.0,0.0,0.0,60196405.7138393,15.301,187.846106359388
319,Tuvalu,2022-01-01,0,0.0,0.0,0.0,59065982.0873657,15.301,187.846106359388
320,Uganda,2021-01-01,0,35511.0,265.0,11878.0,40529788744.0595,3.422,185.892180700766
321,Uganda,2022-01-01,0,142604.0,3297.0,0.0,45565333216.4142,2.93,199.268589530793
322,Ukraine,2021-01-01,0,1096855.0,19437.0,746680.0,199765859570.935,9.834,316.447595987548
323,Ukraine,2022-01-01,0,3852397.0,102300.0,0.0,161989520721.19,9.834,380.31822898651
324,United Arab Emirates,2021-01-01,0,209678.0,671.0,186019.0,415178792756.978,3.105,112.127688110545
325,United Arab Emirates,2022-01-01,0,764493.0,2165.0,0.0,507063968277.74,2.873,117.541087977731
326,United Kingdom,2021-01-01,"AnguillaBermudaBritish Virgin IslandsCayman IslandsChannel IslandsFalkland Islands (Malvinas)GibraltarGuernseyIsle of ManJerseyMontserratPitcairn IslandsSaint Helena, Ascension and Tristan da CunhaTurks and Caicos Islands",2549671.0,95917.0,5682.0,3141506156618.7,4.826,123.848714629184
327,United Kingdom,2022-01-01,"AnguillaBermudaBritish Virgin IslandsCayman IslandsChannel IslandsFalkland Islands (Malvinas)GibraltarGuernseyIsle of ManJerseyMontserratPitcairn IslandsSaint Helena, Ascension and Tristan da CunhaTurks and Caicos Islands",13174530.0,178046.0,0.0,3088839763445.02,3.73,133.660070279268
328,Uruguay,2021-01-01,0,19753.0,193.0,13990.0,60760798595.5436,9.301,239.976021238332
329,Uruguay,2022-01-01,0,414294.0,6172.0,0.0,70164683290.3776,7.877,261.824349714601
330,Uzbekistan,2021-01-01,0,77182.0,614.0,75244.0,69600614987.3509,5.345,355.018882210761
331,Uzbekistan,2022-01-01,0,199030.0,1485.0,0.0,81140823252.4164,4.535,395.656628724736
332,Vanuatu,2021-01-01,0,1.0,0.0,1.0,950394006.532514,4.734,126.262874104585
333,Vanuatu,2022-01-01,0,7.0,1.0,0.0,1022219297.50335,5.171,134.696357601727
334,West Bank and Gaza,2021-01-01,0,139223.0,1418.0,118926.0,18109000000.0,26.39,113.070878047339
335,West Bank and Gaza,2022-01-01,0,469748.0,4919.0,0.0,19165500000.0,24.42,117.301112781727
336,Zambia,2021-01-01,0,20997.0,390.0,18773.0,22096416932.0089,5.195,299.818966181342
337,Zambia,2022-01-01,0,257948.0,3740.0,0.0,29163782140.4858,5.993,332.778676527232
338,Zimbabwe,2021-01-01,0,14084.0,369.0,11347.0,28371238665.5116,9.54,5411.00244498777
339,Zimbabwe,2022-01-01,0,214214.0,5017.0,0.0,27366627153.0954,10.087,11076.6017877336
